humidity,temp_max,wind_speed,pressure,RainTomorrow
21.675596882473023,43.69836249759091,59.272324492165716,1004.1183401380943,No
26.573733398114186,35.433484722461316,25.301611978344543,1014.8516979619844,No
97.42880278760244,20.66628833851467,8.151391045281082,1003.3619986267507,Yes
43.63558219819362,39.02881327005964,28.81871350403423,1019.3079620236113,No
81.53785182705069,19.853241944522548,21.631462910762043,1006.1810954229547,Yes
69.9730855083411,40.54638438481447,67.41695217284439,992.7341280123984,No
50.555171172231674,13.940313664417795,25.067833406811452,1021.3503936993643,No
36.45498097564441,34.62900921112785,63.114597742080576,1001.4303329837082,No
29.710913452752514,28.924446682571862,71.34977158485879,1007.3106751839705,No
69.20103744310933,13.378706456840428,34.70539356612236,1017.4177553288761,Yes
81.97070245102304,18.466283989059363,72.79545150835136,1003.2982462859485,No
71.51234028329046,10.434141269706018,30.185444317055428,992.2634262458686,No
62.42417065993266,26.406878791257704,77.12627331920865,1004.9568418805126,No
23.356097874530903,20.54428412660001,7.143161962045834,1027.7779433077721,Yes
97.47910220755071,30.942511950421558,54.96154132025942,1015.6693758919423,Yes
83.89713533236596,20.403323269801604,39.5051232365543,1016.8591659466883,Yes
43.42576293607718,20.497168902744463,31.011904436451765,1015.2912861455056,No
98.39762634870806,36.01176195560612,50.616950299888074,997.9596855583775,No
68.15052717090578,11.684999259242371,56.3085673307465,1006.7333545640912,Yes
66.59381265657971,41.60132483171955,0.349061572024727,1020.0375919345328,Yes
79.84585435436257,39.82923560369135,13.356247099775898,994.0549159021264,No
84.941583047211,33.37316391292423,57.0436840507455,1001.1141110435885,Yes
72.51828858652021,30.76275495375845,53.310833086256515,1001.0527643386341,No
30.247659709296002,41.23058743488782,77.28380041029418,1007.2807571037803,No
47.06140047955987,16.486556283505006,60.88302322006264,1029.2147496376874,No
94.24669122608398,12.763920676679001,76.06181661850704,992.7001018673528,Yes
37.969248947508156,18.382855946833836,56.20324012278456,1010.7480397752238,Yes
49.77336190700107,37.81023975450666,23.844176691155454,997.1745872804884,No
54.56615063553568,11.213459335426917,8.429193780068518,1028.8270618163897,No
55.15239917555618,30.398239227922137,62.54590906759485,994.5321401890985,No
69.03516659956205,44.84031306669585,51.53193771807327,1006.1440400944637,Yes
95.4460670195766,39.949363284313876,3.8548809914636983,1019.5153993933842,No
39.2554169466004,28.25059911652563,28.80403727207827,1018.1821771210978,Yes
29.720110104073445,12.227431825032482,76.54398523874289,1006.9091454757573,Yes
35.79763918879499,39.09807300349985,40.0320916568161,1003.8609667181088,Yes
90.95399201674157,30.964247786202368,34.61833088157637,1005.9044951421148,Yes
71.66486501241648,14.02265489708484,36.61596841274352,1000.5710505263455,No
42.87254313913281,13.285004968817468,16.7106179204131,998.213317548272,No
85.27575511748938,41.83693868028074,29.49657366918362,1009.3215879023556,No
88.90959970907488,33.42200920283275,29.58506047897413,1000.7413502427042,Yes
87.72114709522225,39.025037976086445,4.188401614997792,1001.49846659589,No
93.51412269116436,40.76426150987936,61.40541028143346,1016.2702425389823,Yes
40.17928161386892,30.01203232169128,33.32035455231032,1028.7414932679958,No
80.40335429970227,28.110622311426443,65.77439094531387,1014.145488022375,No
56.8431597819312,25.064959361234656,68.02784008959163,993.0791786825987,Yes
87.35988423120492,21.093130572689176,16.959524375892645,993.0233445541627,Yes
78.27925417292906,25.21085863005491,52.58827857361028,1028.0569288338227,Yes
82.11579571997797,37.08578795055547,37.78254433303854,1001.8916316122934,No
72.49294701448572,31.067320085529605,70.4125390337188,993.682679443299,No
34.19430155757655,41.238315148419616,17.259254334116328,1013.9617834860153,No
63.60215351175506,25.51830050327157,54.225056024803536,1014.9459511316106,No
98.77357916196065,31.24813525515639,48.62016978021781,1015.9401928047475,No
94.99104531976951,32.095764358219604,23.624118205746623,1000.6960811143017,No
23.453898863760934,30.709400680721394,10.928072292093809,990.604427368579,No
33.18518525835497,34.59218205799307,52.131180838182125,1028.6006147781789,Yes
30.538301876364955,18.310171393118218,59.087796650586455,1000.0357218276441,Yes
78.07839279882364,27.93273221410267,25.250187501067998,1017.041051522102,No
85.4228263885556,13.647868098292168,51.58660832178511,1018.2651947951484,No
37.080909304853755,23.45789646756844,31.61047260892026,1014.4002966831795,No
60.46821543614632,27.068347401744255,57.05655066260942,1002.5162957685459,No
87.256242240896,32.82784908409154,15.937221991524249,1000.8438501505626,Yes
78.62412358130004,43.26858684051712,71.21720021089395,1013.9067313081081,No
63.378976439347866,31.022787329192454,22.99276771724638,1024.6438253444676,Yes
67.22781523670183,36.02578706617959,29.422879020492232,1027.8693491569359,No
60.6688437533024,27.719312082332095,4.647356166427983,994.2362321761503,Yes
43.803876105505644,32.1936410981716,8.920976985702112,996.1931445039088,No
65.20175942872129,12.482627564682069,41.26895221698625,1027.7894503513232,No
75.11082416400725,18.903705329464643,21.40741413823772,1019.4614091333917,No
89.86583326886462,22.664858262179855,66.83841805937556,1025.3197529931908,Yes
70.90330831833984,26.537267425227974,1.1754710923963074,998.1053053654138,No
80.88972296345264,11.597706092583431,30.327523893754893,1013.5034348443761,No
32.805730796365836,14.900843414366118,26.987643741527414,1018.045583776699,Yes
56.92459795358319,19.688500772695704,1.5462104734080828,1017.2044754178789,Yes
20.746529586167462,44.00364418153677,9.949471920040818,1006.3260676346679,No
39.73430916172984,21.59714524860678,33.09141399349082,990.6157956676524,No
78.11693720904039,26.871437033922888,39.429166755795734,1013.3170422721705,No
99.34479610794908,16.863419945843752,32.34317978038953,1000.1240615671843,No
27.934247966977274,31.37730248765189,42.475014272967506,1008.0101698457156,No
52.11954526890306,19.8239125430591,47.61053399245452,1028.3032406033526,Yes
84.00567749593276,17.244740245344936,0.7939056902268504,1005.9614127056974,Yes
36.32285077031191,28.080041995609268,37.127612756280314,1023.592064266577,Yes
64.4067959441829,10.192702970614729,77.07993927100706,997.54162422997,Yes
78.64570368237398,10.268241142722886,41.522582410363896,1016.8984199210012,No
69.27883602081432,17.667408318565023,54.20338139671625,1029.0802781775578,No
35.04197876923329,11.28524768752874,24.949108633350654,994.0757240349175,Yes
48.43076549485915,13.780901394574197,61.919310252221,990.3327976890877,No
82.70334275883178,21.860122726856304,61.83371855008921,1007.3433117053046,Yes
64.33812113056133,38.09049878529345,41.703683812331114,993.7050193220547,No
20.41836908343302,30.02170251792553,78.08110586233708,1019.9353739870493,No
80.8792608022475,27.943370408474575,10.04401718101227,1026.5819465539423,Yes
22.824908395219126,20.27210881228426,1.3558131911664795,1007.3608389083504,No
79.65870261849858,42.61138018014857,61.612656940567675,1000.3484656862177,Yes
36.19844481321899,23.89552644330171,64.5724429891906,1007.3761327602643,Yes
96.64587840955042,13.048246837852002,9.6165783296461,1018.937912714,Yes
49.43526010416676,31.597328064123044,21.246626636688486,990.3621664632149,No
46.15452930704633,13.984343771681049,1.4041890693303127,1013.5781595793878,Yes
31.911044026595576,22.082809998059222,23.464688862445175,1014.5316673954951,No
44.44833723921719,27.75941785512331,61.85134991349372,1015.5075298758375,No
90.13206094625605,40.59778836398115,41.436842217006316,999.680883199235,No
99.70674701017978,27.274130311904152,27.847647453463047,1018.562108935125,No
49.464762440547865,34.579056811108245,29.739143592506423,993.655659453271,Yes
55.8888504763634,44.748589364967465,0.10829005723745233,997.9708134586721,Yes
77.76567505621897,14.602119196429356,23.98404220521887,1025.0988018661792,No
90.89566243720596,19.615603393183182,51.71669933103444,1019.5489260290626,No
67.44354673494273,23.81016264591762,77.93555550530857,990.5498221604538,No
51.32205585422635,24.763986248859098,67.76486615871195,999.935050414792,No
53.0097472678899,24.385737634294102,1.88759717164233,998.5762593197265,No
75.64945171974455,41.76638508947942,71.88484837398715,1000.8322531214789,No
20.257461088342296,34.99114255633998,62.65587306389008,999.9023908111955,No
69.56714699678726,31.276682493174633,62.430089885678434,992.5010518297138,No
48.43944083530859,20.828045125197374,36.63966072028572,1008.3576206638728,No
83.53578650216674,38.83266344774532,31.840423436360226,1019.3093389914466,No
27.439251185850573,43.42711790197461,24.233258306655408,1014.2692689886975,No
67.05618135587125,38.74193988925793,5.255588716349262,1016.9148667439232,Yes
58.4778311908899,10.054778681701551,18.25882907949593,993.2459671414496,Yes
71.38604207241819,32.274047956419246,19.72829079824197,1028.0596284070714,Yes
25.18828755863747,11.789738350473526,38.72616557681613,1023.539673353721,No
66.3987029942505,19.016252711680266,59.795552527735516,1022.2036127398266,No
64.91876703676189,12.08336451217201,37.90478627183573,1022.9193522016707,No
64.85280755329367,31.132840853228572,4.6275559557728485,1027.3084203253104,No
68.27901332771638,34.030646972241236,76.62318407905632,1011.7701586445479,No
74.11743497810897,14.00706733230668,75.41794552752899,998.011280714705,No
84.39911997446158,23.434360906574284,62.81516345187267,1014.6713443141016,No
41.585657610257144,25.96827781344397,79.30623212513764,1019.7152597467176,No
86.00395281440497,22.91685576163208,43.55858662402103,1019.516695734161,No
59.86045458107629,14.235875016981757,77.02146802025649,1010.8579609666753,No
26.164662330746495,24.663172656561642,6.048403249340062,992.7383487733431,No
24.684074339518336,36.29123167329463,29.254459860909705,1004.8445175372051,No
46.73906549568486,12.485268258663941,18.030501440541265,1026.8306643385342,Yes
82.7917581689174,12.80630049286662,15.666646730741602,1013.3779563902971,No
76.61447477927325,22.416995214259448,11.264235911414087,1011.5332777302285,No
83.08919717379251,42.960399906662374,49.79309132527973,1000.7541405752877,No
61.38152451532875,33.40004263530199,62.50574845978441,1004.7379567966632,No
55.21591983643924,33.75344848353977,46.26387195362885,1025.8138435661267,No
31.796202136502714,22.66719967932527,11.757016767056774,1016.6585219010734,No
46.25542028874492,30.778127692298845,64.88990159467767,1021.4954810700933,No
54.72154929391002,10.354591440971019,50.87637657309828,1008.1738169227062,No
27.08803437436938,32.26336162433398,31.05325649015964,1015.2098887782463,No
37.6489562168969,41.96504316516828,53.93042364288504,999.9353443497283,No
67.8580235250991,31.44007139206867,20.792398339426626,1018.2184332113394,Yes
78.85304913913518,40.57945077132207,27.61537667953684,1007.1040533481334,No
99.86780091143598,35.33905694131329,73.39886745055922,1007.7018205925898,No
94.64906650748462,14.21954457412916,23.24036045371363,1015.9728929830752,Yes
71.40521596281532,41.58586575500446,37.59906145263493,1027.451224858757,No
53.69984426352576,12.32553455245212,71.21129099168117,992.5602538643449,No
70.89418917665861,28.688861539171732,56.617708021402194,1022.9897294938803,No
82.85212944641856,14.974799332771019,4.97625809317622,1001.6953244164878,No
29.466895273870986,10.409731375581643,11.784243542317627,1007.7567781802551,No
52.79239117570306,24.771199104467364,0.6273272617533454,990.8765331510003,No
87.18418285084938,20.326424767895467,50.47374321833307,1002.0418431133726,No
50.70663615464352,27.010017282916106,35.81387403283347,1010.1052497052052,No
65.74978169817493,30.20199603570928,10.741988072182043,992.2470430938976,No
67.02154886897586,11.530867530813158,76.63472968454164,1009.6438291753266,Yes
34.75810025069115,14.305115329331098,42.37277791564959,1027.0844251543372,No
48.97883533218307,29.55248387576489,19.351463529031136,994.2157287243122,No
46.76090309935457,22.010857361043037,40.0482856923766,1020.5776291230202,Yes
22.09573668256518,35.52107206423068,54.369626618808624,1006.3868421350397,No
21.935341111308418,32.83020770071789,6.099137437885158,1016.2069485809735,No
86.53576349406188,39.59615270464674,21.97630520383136,1000.4094639194092,Yes
41.845664797824995,34.23724893342289,64.55723927071949,996.3796905016543,No
61.44630129910524,25.047587708655186,36.7731896322129,996.4185045708491,Yes
43.898045887101844,33.55383178380514,43.72617136258359,992.8196778257258,No
95.25433960922724,19.638341098939648,34.62528017675754,997.4258681960497,No
40.7437407092619,20.720972457237444,3.5119954114404095,1016.5687753995587,No
54.37254501911481,37.61448059722777,13.259982385612474,1025.2676244737404,No
89.81842003876815,25.624683074055376,35.64333109935127,1022.5650274236465,No
87.3546853433447,37.94331191814234,16.734837232634227,1017.4053723949794,No
34.88811342770219,38.784783078389744,3.998322292774299,994.4172745364441,No
84.21146478365684,40.014681818144936,67.4919731241459,1001.567497851838,Yes
56.65495093903141,42.08223325444226,78.49540233312926,1002.3922750128987,No
58.637509766828416,25.08448271796537,63.451429919739155,999.9982778559048,No
30.6783977932755,21.16033864123986,68.30279373637336,1010.6002263883889,No
26.44812110056997,30.376956130793985,19.35817042536363,1011.4221525951868,No
78.23514455790121,22.991034820316965,76.85015804105598,1004.2754390068444,No
59.716892188423984,31.037595838008155,15.75405635627427,1004.1515663494574,Yes
54.948056209214364,34.69550519253386,76.11438482894658,1023.1422239162432,No
78.36065829219174,34.09417564722479,79.58554351727608,1021.5717139327875,No
81.24103191928879,23.109351045704248,56.937824459683895,1002.3118332672299,No
32.71265341354828,15.840107059456349,78.49149854334576,1026.5515377549305,No
68.8180119582113,25.068526846177264,45.56318236536829,1028.1126006801003,Yes
30.828326582214842,14.990795042866806,20.763342654087225,1003.0697016812016,No
80.11000688232366,41.15339623143329,34.95967085324967,1004.1769979517222,No
72.55641250137117,22.10571112582501,47.48487483030288,1010.2253661368784,Yes
96.52916968667664,15.406091152816332,5.846524962161199,1027.6448325013469,No
25.516641308513694,10.890671596701281,49.78746116937969,1025.0527773256924,No
24.564377692100344,32.60378352002695,78.49422694098357,994.1027185033436,No
42.57496597545601,32.29158111091601,15.20861198269821,1005.7092297308567,No
40.93645469887248,21.92114583034521,63.407609303070664,1012.1348475899908,No
39.75830392575999,12.509916109667785,72.63190350236955,1010.1252989020616,Yes
92.50036644168293,24.337011321333122,75.49612742561766,997.7545227174757,No
39.96369598796049,20.892612327218774,76.81084835243578,1024.3526708467261,No
41.75597809029048,33.699222390725325,41.71677109771775,1017.0776313198735,No
80.7518609934371,31.202273730844162,78.1846326393203,1023.5163349940722,No
55.9791873960432,22.7607804869139,60.58481657075511,1024.3505711739788,No
82.1368445564145,17.626239398924653,12.933714898956952,1019.9342341466296,No
25.229292605150818,44.581258815445715,38.1520085174376,1007.5684240499887,Yes
59.005695493870746,25.890056741864022,57.46649402976032,1014.421870200617,No
22.68908801466261,34.08959825230829,19.787225265526665,996.4146162447897,No
25.01225627642836,14.919353865242627,51.24921468391099,1016.9458166989963,No
92.51499626755287,26.995639488078922,53.32803832372954,997.1701302295712,No
31.139629689407613,10.963785195431292,13.015979504685271,1017.7579836204063,No
62.593654582017365,27.690929126865747,45.206824996220504,999.1839264301587,No
52.887648208056525,43.74060924911958,61.730152878288614,994.7020520060088,No
47.78746610070741,23.44723495450301,39.91165316287535,996.6113796057183,Yes
91.9866676549818,11.364860440121905,0.968249342088594,990.0796854087628,Yes
21.74587174203916,11.083452682177024,0.7230775263433742,1018.7495847141412,No
73.10317489404713,23.579536598140432,28.562347517600976,1019.2960419623352,No
97.07155473708403,15.60087277621179,74.09552547454255,1010.5973339965303,Yes
64.81345467694736,10.817323371486507,18.294142368288703,996.4545120422154,No
94.94579696264735,36.46747648825619,50.749095109734974,993.3421735004276,No
24.1806303428819,26.048305310866173,17.766069655465646,990.7651586574915,Yes
53.50346552593291,20.12356701904291,25.73359917276389,996.6299270786088,No
40.81262327696409,41.502911405576825,67.84336716811872,1025.634221399326,No
78.46567719845838,14.064863607018395,58.30891538159575,999.6614736680673,No
98.50376723977973,43.457159013436176,7.63194218505685,1004.1708530886887,No
40.52240499553982,20.988835108207347,34.296161678914686,994.2138193792533,Yes
72.33396811792596,41.09412853080384,2.3335810916211575,998.8944521899268,No
35.847810620779214,31.103000676781154,38.47121172824072,1010.7689828312082,Yes
65.22642036572879,38.93475759095206,52.99472093608544,1014.3101073238261,No
57.114598935066894,44.44046071236625,9.480209887852125,999.8140925666485,No
97.76042637052296,20.0941903236561,23.110795112733253,992.3092863690047,No
68.68218181571733,43.63974198926575,31.826930040172556,1005.6413147650959,No
47.960509766945506,23.631866321584713,73.56248197248398,999.3681348370534,No
29.12766279103467,23.49291666579228,79.46040123383712,998.7821569291921,Yes
32.09974629879476,21.9135486489077,3.5929039196492685,1028.3945121085383,No
38.025354396098805,28.949266257165483,60.88063387963136,1014.6520194370289,No
40.07733290722384,15.395076511247048,29.737925312187457,1012.2751377268838,No
88.04928462729103,29.379901987530392,31.396654898358403,1006.6310041409329,No
64.89782306260199,28.95966843435014,60.341197867761814,1007.1577733372058,No
61.87127290994931,36.66656344117045,73.4741145716327,1011.6362001535232,No
29.181509749537398,39.17774866781549,76.07428756020387,1017.8571922814443,No
88.8111754679548,25.41544726093484,46.16980688306566,1018.0858438472732,Yes
77.8251442566787,20.58166372730228,28.569692744040225,996.867756308218,No
25.413468952000127,19.076721406098308,63.00392686870234,1010.004510083065,No
76.62680777838149,16.811834284670518,20.08011066098402,1006.4783238013641,No
63.483057387411684,12.017665376965871,45.12592230668142,1024.8210786507755,Yes
26.538027659742262,21.98567925921497,28.68627692198985,1015.2567568487351,No
56.664051322292515,19.458669224577413,52.53048589663009,1011.3001626566393,Yes
58.775702970403756,43.82460850532426,19.231913031480552,994.6157856871567,No
33.26196321306206,29.519808918751536,15.327435658786062,1014.2255155729365,Yes
95.65585176002259,22.154696366067764,73.45912693403497,994.6881562272093,No
87.99802971845295,30.31636603477936,8.144294635962952,1003.4882630226301,No
73.52178698632866,14.871884547099341,40.47663261879453,995.7136785925733,No
56.98364488004857,25.541531222077104,17.668222637040714,1017.6829458809748,No
52.941243326760684,31.918201249737233,3.114397066053396,998.2500845534461,No
72.07787737207633,27.111424112735797,2.8815054633141113,1005.6743749275211,Yes
63.634549552552436,24.062258022901347,14.017741768466188,1025.8269911047512,Yes
24.98184847055085,44.78469361148944,69.34162836048002,998.1726553359588,No
61.000211901626535,40.81101667521244,22.598299518162133,1010.3122025583511,No
84.51228937862716,31.819208535580405,76.03673364602366,1006.7708664466409,No
56.73919020775664,29.928207641379895,46.529783439135485,990.7249616418292,No
24.156526204341475,31.72311679386044,34.92913518150129,1021.7103245429125,Yes
82.90225595072265,17.045923773785162,46.407106773556364,992.761836252584,No
36.10910257087795,23.829821014251152,41.33587081810142,1008.9702008390782,No
40.6896667910431,11.381083651181477,60.70210030058601,1012.427131797558,No
33.17650827458367,26.644111312038934,22.59968527782818,1015.1370582645835,No
46.4172051897198,29.005860438518212,28.244031328024192,1017.545265172315,No
80.5401204550908,17.971240763612336,71.52754420266005,1000.1308953409086,No
61.550868760314984,43.74100965079298,75.71652105203243,990.3991510663379,No
36.390501932057006,41.83091138280347,71.40465819891796,1018.9377464941965,Yes
90.22640625216327,35.27501324095671,33.55583951658509,1011.4262639739031,No
90.36654839612234,28.66853200678769,62.429240240550534,1023.4447081282899,Yes
89.64627400368056,40.44892058766897,38.1068586640879,1022.8555345160278,No
39.10369691052314,14.572832033821202,39.80318817168818,1023.7330467115153,No
56.099147534479044,37.66784279962097,16.374408724582715,1009.4037863991816,No
98.79917249127001,14.36872848883969,47.29042426068132,1003.3451358334746,Yes
81.76099810479923,37.79737318922919,14.890871820267835,1021.6623281036548,No
22.173393698044784,19.651864888797494,26.5251759253755,1008.0517645211702,Yes
25.216367300839366,40.69817033563661,68.40241612959481,997.3376878561373,No
57.114510144986625,43.04147328388893,16.56606473686842,1024.198960782459,Yes
92.73761646892481,15.207858929179046,5.692662813874625,1025.302395070894,No
63.09614383621714,26.193646177288773,5.520607409025304,1008.6523902456069,No
59.82500064274322,44.334558235693976,75.26276164024863,993.0279890923915,No
28.437895996530447,26.91926025906013,40.55363503694677,1005.5130435966772,No
72.54240837794353,40.22416328800908,32.752965745361465,1022.1415063785041,No
85.76825284801804,30.605603274596195,64.87028648063347,1026.0709611418492,No
50.43360060060499,23.136546777186066,66.86607423284129,998.1389096999038,No
82.0489480740262,20.00242444340546,26.57528264924837,992.6789444810108,Yes
97.15813231206494,17.112808188013055,55.48944459790362,1025.0940181253136,No
36.30131673021513,36.662936698219404,61.689825268150926,1005.576197559155,Yes
61.866370495579304,23.528917738805976,52.37205494927636,1011.6704385707026,No
42.971036646766045,27.89464117702629,12.12760598400795,1028.7226324820303,No
83.42835352270714,27.23139180004137,70.07064668136456,992.6625891165689,No
66.2074692704926,30.204766023159593,43.12756421888069,1015.9327202980838,No
70.76659340402429,40.29520009685933,22.597794109600294,992.9642169029947,No
83.83313276927153,44.32587702542003,34.01825483501551,1005.01875713866,No
51.677637812996394,24.265447300083594,3.0056872319125905,1022.1525818077379,No
93.20720547256346,38.963162273720606,10.229344097793405,1007.3388893102253,Yes
62.6423093796912,36.758472812915116,61.243740041268865,1029.887294156118,Yes
32.63638582682784,30.073513300945063,0.0009307804292912891,1012.3623713978641,No
75.67192945350419,43.46165002641766,33.32526627858337,1002.8464861054381,No
83.46090803506036,17.0166080434941,41.800814486847074,998.8044530361901,No
45.34093416540213,13.82424736083675,4.370753600077784,1004.0208213714465,Yes
88.57434055990024,39.888668843439774,77.84625303778662,1004.9013309503821,Yes
92.4914603812613,25.37024358218119,18.090026499973753,992.7485471089584,No
42.15235899022471,39.64390989724711,24.335897570902468,1004.7829679770709,No
98.68171781721776,41.25815718183952,24.31540098040219,1008.569540789569,Yes
31.256922243900675,12.1860157766675,18.43333296938799,1018.9095100895522,No
36.1612534721992,40.92126670451212,0.11790576690491328,1016.2691793888644,Yes
34.73798713904209,25.691166937929776,58.34758352703971,1018.3506262091662,No
91.51917680062964,27.865137115148126,77.34763998394283,990.3345472750743,No
72.34340418599695,31.930737888262357,17.943478662803606,998.7066959832215,Yes
32.16834265778183,42.423391235553034,53.0437753442738,1016.4673715359943,No
55.22587346946792,10.66906330504174,59.351706156697205,1009.3595747271899,No
69.22384200558416,26.6895213911236,67.87403032724198,990.2125390267338,No
26.677126799150663,34.070271485069625,33.81033576108873,1022.1797856972729,No
90.5933094725871,35.294743519438,24.23447245123434,1020.9123829316135,No
84.28828283532282,34.23863510379878,26.023610721842488,1011.9367665197425,No
60.41654188613106,14.705229529284265,57.009706647881025,992.6585330310509,Yes
97.37012922073363,20.47884559300884,65.34235732045089,1020.6606019813034,Yes
53.420878342007974,22.555043389595472,14.529117420528213,1013.3485435092546,No
98.72882552291982,38.15530226878268,29.67528065262122,1021.2783990863184,No
73.43359990429016,19.756595534509355,72.155215739932,1020.0698796958336,Yes
70.77370186031531,17.37467373535211,64.53548157557914,1022.1200828783135,No
33.2763916236628,43.510680666333364,78.78867222099807,1010.720322656185,No
90.55422066437151,10.31021497897141,60.33986077456646,995.6129807277406,No
54.19917503364921,44.92372994886924,31.45561608223378,1016.8462989351875,No
32.97867246259835,33.688745460008846,47.25102671957102,1014.8189514020788,No
21.00860159806072,38.9964254807191,52.881140339785624,1019.6901274879635,No
64.7804546910706,20.31167887211676,6.276465305369916,996.7952402420294,No
62.19196976981411,10.5010347183471,43.55975672830921,997.7990079960116,Yes
77.54828978953269,35.82543314965355,56.745666277808766,1025.6163806887732,No
91.22064424142417,39.19506089502365,13.38570432008483,1019.9991119380828,No
26.352526771442363,35.91666461837317,62.450537394044574,1026.329139548013,Yes
78.51971922722899,14.99976005552935,46.70182244112893,1020.3486128465569,No
34.99295552780658,36.369977278993915,76.17774285580757,1013.8862122396121,Yes
88.65416425257311,36.91229737376743,3.3937838565513356,1016.165309481115,Yes
85.52508110893248,33.048918048451924,21.226091004437357,1025.5651169576004,No
63.26350039884355,36.814057647845516,48.124310343985925,1013.1522701804777,No
76.81942388986492,39.60725038872063,23.724792976474454,1015.2956529731355,No
45.14800905469987,31.476143998311045,57.153933125699375,996.259068640144,No
57.69343191462517,13.101164988938766,60.72042260175448,1008.9568488046441,No
85.73095181683773,27.06697333835238,8.201277125317956,1018.655884478324,No
56.741215773857114,12.717726713506178,41.108357136541414,1000.8377079326547,No
48.623861226035345,24.26400608613508,40.71124444728447,998.0901672209814,No
59.53699578002399,24.248727119396968,29.542461617243283,1002.5530723289767,No
86.25994019497747,12.310344544908455,74.63398900557377,999.6600251197133,Yes
46.81664378966982,22.208718688931775,66.2005055898577,998.5965054814558,No
33.900927450859506,13.884933457696018,55.77675055277094,1006.9940337147235,No
76.96112162646246,38.28823235032277,57.14613085879981,1026.3135405553414,No
86.07825701664655,43.16908090875648,36.93729150504953,1010.2823858695488,No
28.050998281882666,12.531076634027851,73.67956168772606,997.5168152326129,No
39.189929020475574,43.42903225520955,55.56763418026283,993.0788667752349,No
31.357759180879512,28.29018097678608,58.31848493246532,1017.846245805517,No
47.83531292657333,20.484798728385584,68.93527230298761,1005.3119505774555,No
56.02807831243301,12.690172634665723,21.92572714737528,1022.8732378634144,No
79.90610695706451,27.521849382464623,64.56567230933624,1016.3804307456309,Yes
72.09180679053392,37.808044057176204,15.619248236519363,1021.8496580216547,No
69.67428539827449,34.748026704334436,27.627356179591025,1000.877841576738,No
48.18999572877235,11.757910401239082,26.848836341587415,1017.6943568984424,Yes
87.3158042467808,12.551564237876622,78.28203747113125,1000.5624793877488,No
57.70297339185316,24.100564892142298,68.52297789983415,1027.5627391780117,No
98.32839504121236,20.335167291678015,56.09358892722078,1015.454971261335,No
70.73137106365894,18.133451306961675,58.16454092923121,1002.9804720070136,No
30.101179325160217,19.835157461804975,44.965823552205684,1000.7804744916909,No
74.09420496603472,38.12189601539096,75.76725336868152,997.6370634028657,No
46.00832123453592,42.52298187711489,39.70070023058892,1017.7856383557491,No
74.9061757348878,24.178594308464824,30.441416789591564,998.7486245199171,No
25.57129185299246,41.713885074637396,13.04282695452728,1013.8121306370996,Yes
33.99051497407675,21.25234954367587,62.89645218088464,1000.5854010770142,No
88.4589807124629,26.675294522032708,58.75551456604732,1016.4787577917548,Yes
38.17436456188119,17.91101492355999,30.74840308193079,1022.5975891416216,Yes
86.9632900194352,32.41666147615454,2.015473116738349,1021.1210097257862,Yes
42.34208707635283,44.26433903111831,67.11978621744086,1020.4340532372313,Yes
71.43055280469662,31.122258361518252,0.9134386763258906,997.5088962276901,Yes
75.53204588078648,22.52349294397421,56.295982370324076,993.5353978793808,No
61.012380251604235,32.67361060966849,77.62056877808456,1017.9579531394954,No
44.4248541357385,14.302223746288565,35.01290625185628,1004.733888551774,No
37.01155010968769,41.10306780928895,18.797872399676223,1007.2938490561339,No
22.655148364994098,27.607938277294274,56.38968080347054,991.2459637117356,No
44.31571209925791,25.727240971387474,65.37025136124682,1000.383057971002,No
72.25302324250265,30.50526759587317,43.71442528622779,991.3470561549785,No
95.06438547587861,31.867435197629085,77.36282202049169,1025.16743090405,No
89.69635858104417,12.512153217927956,4.133497732636888,999.7358673287412,No
81.28518212282421,33.89160274281909,40.38364786436225,1012.2934867829204,No
83.0757874602639,18.467608811043533,57.476315785804005,991.5591728264452,No
73.19879227807962,34.98834213773064,69.01123769193431,1016.6738956522263,Yes
40.82294860528024,38.788717803446886,14.340448952623204,1002.9210938301637,No
92.57560245646638,38.13854776433821,64.00027854109452,1025.9167674783066,No
73.65858495246673,29.33753385927612,44.21656605748362,1025.5247275573615,Yes
64.8352504784352,28.20594623087629,31.724294559197055,1003.0116247344699,Yes
28.879157537078484,15.00065864687941,10.537202286327485,1026.0384358276187,No
55.764443504514034,37.137115264109745,69.223660712713,1029.846306939951,No
56.8286616961541,19.499328315635005,12.581856654377228,1023.016626564958,No
89.16508876181359,27.38433979862813,24.78302873672794,1023.7948539102092,No
63.731857615023074,19.949593252463085,23.20364255699495,999.9603494443636,No
50.43204391763277,14.68399270498926,69.71312273526834,1013.0680959543103,Yes
98.14402628085274,32.03451939121078,53.81623953671184,992.6902365586947,No
28.857647466105256,11.901621218801633,63.734511775309784,993.7967174728668,No
53.80387426495557,36.202583194417,20.03743190339992,1029.9557044813316,No
23.361974013712423,21.115537834139083,49.98992796855991,1003.0655699770365,Yes
79.19232966135442,10.004714255156987,45.739678651499894,1019.9273564819539,No
93.44612417593206,27.889519873303044,66.62643014306168,1022.2666021210727,Yes
42.40298636403915,11.639816798466109,72.48696483850084,1024.320930840289,No
88.66733414392966,19.66593452373148,0.9725417181909446,1029.9051318960862,No
43.37745843695182,34.744177060950065,53.92159352470341,999.6598594102747,No
92.86161293151322,12.194136756765305,4.146863929578322,991.614033074388,No
80.31695228774271,39.37684723246008,43.908693206188474,1006.4476607197835,No
84.39254214731508,10.133697293050409,23.010618323494256,995.2032267931579,No
21.44052444803636,18.638835422066578,24.542127961771296,990.8970355664823,No
